PetID,rank,Type_str,age_group,Age,n_words_original,n_words_rewritten,description_original,description_rewritten,error
e9eeadf82,1,Dog,young_adult,24,26,56,Met with an accident and fractured 1 leg. She has healed completely long time ago but this limb is dysfunctional. Looking for a forever loving home.,"Flash is a medium-sized, 24-month-old female mixed-breed dog with short brown fur. She sustained an injury resulting in a fractured one leg, which has healed completely. Despite this, the limb remains dysfunctional. Flash is looking for a forever loving home where she can thrive and receive the care she needs. She is fully vaccinated and sterilized.",
de1f49c9d,2,Dog,puppy_kitten,6,27,37,Sally is very friendly and quite playful. She has a nice coat and good character as well. She feels very happy when she play and run around.,"Sally is a six-month-old female mixed-breed dog with a short, yellow coat and a medium size. She is friendly and playful, enjoying playtime and running. Sally is fully vaccinated and sterilized and is currently in good health.",
745fd19b8,3,Dog,young_adult,24,148,88,"Pooja was founded in a horrible state. She was a friendly dog and used to hang around a taman but, one day she was discovered with a broken hind leg. Someone has lured her with some food and beat her up, broke her leg. She was brought to a vet by my husband to get treatment. Pooja is now a disabled dog. She is in a temporary foster home. Pooja is looking for a forever home. She seeks a person who is good with understanding dogs. Because of her disabled condition she currently does not get along quite well with the foster home dogs (maybe they are too active for her). Pooja will do well with a house that has a compound, just for her to have space to walk around. She also comes with a blue cage which she feels safe inside. Please contact Ms. Visha at","Pooja is a 24-month-old female, medium-sized, black, short-haired mixed-breed dog. She has a minor injury and walks with one leg. Pooja was discovered after sustaining a broken hind leg, an injury that has left her disabled. She is currently in a temporary foster home and seeking a forever home with a person who understands dogs. Pooja would thrive in a home with a secure compound, providing her with space to move around comfortably. She also has a blue cage that she finds reassuring. Pooja is vaccinated and sterilized.",
7b6629627,4,Dog,young_adult,12,37,55,The following group of dog was forced to be relocate or chase out of their current shelter due to false complaint made by one of the employee in the working area of a lady I know .,"This 12-month-old medium-sized, black dog is looking for a loving home. He is a mixed breed with medium-length fur and is currently healthy. His history includes a recent relocation due to an internal shelter matter. Sterilization status is unknown. He would thrive in a patient and understanding household where he can feel safe and secure.",
77014fe37,5,Dog,young_adult,12,27,53,"Rescue from BDKL. Carmen is tame & well-behaved. She'll be very friendly if she likes you. She looks more mature compare to previously. More details, pls contact","Carmen is a 12-month-old female, medium-sized, brown, short-haired mixed-breed dog. She was rescued from BDKL and is currently a tame and well-behaved companion. Carmen is friendly and will likely warm up to you as she appears more mature than she initially seems. She is fully vaccinated and sterilized and currently in good health.",
9981290b2,6,Dog,young_adult,24,80,73,Skippy is a friendly dog who loves other dogs and is great with kids. She is very affectionate but can't walk too far because of a damaged hip. She was found by a friend of ours after being involved in an accident. She is now a healthy female who is fully house trained has been spade and fully vaccinated. We are leaving Malaysia and need to find her a permanent loving home for her. She makes a great family pet.,"Skippy is a friendly, 24-month-old female mixed-breed dog with short golden fur. She is medium in size and fully vaccinated and sterilized. Skippy enjoys the company of other dogs and is good with children. Due to a damaged hip, she has limited mobility and cannot walk long distances. She was found after being involved in an accident and is currently a healthy companion. Skippy is house-trained and would thrive in a loving home.",
2105b697d,7,Dog,young_adult,24,105,66,"She has a lovely tiger marking and nature. Do come to see her :) ""This dog is one of the dogs rescued from the Klang Pound in April just before D-day (when they are put to death). It has been rehabilitated and urgently needs a loving home as we have limited resources. It is unfortunate that due to the aggressiveness of the contracted dogcatchers, most of these beautiful dogs are not strays and previously had homes. Hence, most of them are sociable and loving. Serving the voiceless, SAS Volunteer. P/s: Please contact Jackie by calling or texting her at, she's a grandma at emails. ""","K-22 Little Tigress is a 24-month-old female, medium-sized, black mixed-breed dog. She has a distinctive tiger marking and medium-length fur. K-22 was rescued from the Klang Pound and is currently healthy and sterilized. She is a sociable and loving dog who is seeking a permanent, loving home. Due to her rescue history, she urgently needs a family who can provide the care and attention she deserves.",
afab70239,8,Dog,young_adult,9,48,47,"Paul was rescue from BDKL, he's such a lovely dog. When i take picture of him, he would stay still and let me take whatever ankle i want :) He follows me every where in the house, he's a good companion and a good guard dog as well.","Paul is a healthy, nine-month-old male mixed-breed dog with short black fur and a medium size. Rescued from BDKL, Paul enjoys following his people around the house and often stays still for photos. He’s a good companion and demonstrates protective instincts. Paul is fully vaccinated and sterilized.",
0acd95320,9,Dog,adult_senior,39,48,64,"A strong will dog, rescued by the road side as Wonder was being knocked & rolled over by a vehicle, hospitalized for a week plus. Speedy recovery but 1 hind leg just slightly crippled. Able to roam around freely. Her eyes always tells a story, good dog anyway.","Wonder is a resilient 39-month-old female mixed-breed dog with short brown fur and a medium size. She was rescued after being involved in a traffic accident, resulting in a slightly crippled hind leg. Following a week-long hospital stay, Wonder is now healthy and able to move around freely. Her expressive eyes hold a quiet strength, and she’s a deserving companion seeking a loving home.",
d7dd71467,10,Dog,young_adult,24,18,48,"Hazel's size is medium to large, very good-looking and has a shiny coat. She's also a good guardog.","Hazel is a beautiful, medium to large-sized female dog with a shiny, short black coat. At 24 months, she’s a healthy and well-vaccinated companion. Hazel is a good guard dog and enjoys spending time with her people. She is sterilized and ready to find a loving forever home.",
d14a86fd4,11,Dog,young_adult,12,9,39,"She is a playful girl,she need a lovely family","Neoh Neoh is a playful twelve-month-old female mixed-breed dog. This medium-sized, black dog with short fur is fully vaccinated and sterilized and currently in good health. She’s looking for a lovely family to share her energy and enthusiasm with.",
f68a56b90,12,Dog,young_adult,24,91,57,"""This dog is one of the dogs rescued from the Klang Pound in April just before D-day (when they are put to death). It has been rehabilitated and urgently needs a loving home as we have limited resources. It is unfortunate that due to the aggressiveness of the contracted dogcatchers, most of these beautiful dogs are not strays and previously had homes. Hence, most of them are sociable and loving. Serving the voiceless, SAS Volunteer. P/s: Please contact Jackie by calling or texting her at, she's a grandma at emails. ""","K-16 Happy is a 24-month-old female mixed-breed dog with medium-length brown fur and a medium size. She was rescued from a pound and is currently healthy. Due to her previous circumstances, K-16 Happy is looking for a loving home where she can thrive. She is sociable and loving, and would benefit from a patient and understanding adopter.",
7d7da3838,13,Dog,young_adult,24,167,87,Please give local dogs a home Actually they are 4 dogs! There are mother n son one more mother n daughter. They are poor doggies! The bad stall complaint there stay here n disturb their business! Suddenly these poor dogs son n daughter missing! Now leave these 2 mother dogs! This mother dogs actually can live happy with their son n daughter! Too bad human being make them live alone! Human make their family broken! These both mothers also got bad history! They also dump by their owner! They also alaways bully n abuse by human! Both of mother dogs though that can live together be best friend! Too bad their dream can not go thru! Someone warning want they die! I get this news not choice i bring them to the vet! Now they are safe! Keep in the vet make me costly a lot hope! you can open your heart to bring them home! Pls give them a chance! They are spayed! Share pls !,"These two adult mother dogs are looking for a loving home. They are approximately 24 months old and have a short, black coat. Despite a challenging past marked by abandonment and previous abuse, they share a strong bond and believe a family is what they need most. They are spayed and currently receiving care at the veterinary clinic. While not fully vaccinated, they are otherwise healthy. A calm and patient household would provide the perfect environment for these gentle companions to finally experience the companionship they deserve.",
6220663ba,14,Dog,young_adult,8,81,67,"Mr Potato is extremely handsome, super friendly, nice, goofy, funny dog. He's a good guard dog (barks loud), but cannot defend the house (he will be friends with anyone!). He's a good friend too all other dogs out there. Even if you already have 6 dogs, he can make it seven for you without much fuss/ trouble. Other dogs usually accept him happily. He is very healthy, strong, very charming, a sweetheart to all. Please adopt him. For serious adopters only..","Mr Potato is a handsome, eight-month-old male dog of medium size and black fur. He is friendly and playful, with a goofy personality. Mr Potato is a healthy and strong dog who barks loudly. He enjoys the company of other dogs and is generally well-accepted. He is sterilized and fully vaccinated. Mr Potato would thrive in a home where he can receive plenty of attention and exercise.",
1ccd49ce2,15,Dog,young_adult,24,91,62,"""This dog is one of the dogs rescued from the Klang Pound in April just before D-day (when they are put to death). It has been rehabilitated and urgently needs a loving home as we have limited resources. It is unfortunate that due to the aggressiveness of the contracted dogcatchers, most of these beautiful dogs are not strays and previously had homes. Hence, most of them are sociable and loving. Serving the voiceless, SAS Volunteer. P/s: Please contact Jackie by calling or texting her at, she's a grandma at emails. ""","K-29 Kina is a 24-month-old female, medium-sized, black, mixed-breed dog. She was rescued from the Klang Pound in April. Kina is healthy and fully vaccinated and sterilized. She is a sociable and loving dog who needs a patient and understanding home. Kina was part of a group of dogs facing euthanasia and is now seeking a second chance at a happy life.",
a6e902691,16,Dog,adult_senior,48,93,54,"Adopt Auntieeee... ""This dog is one of the dogs rescued from the Klang Pound in April just before D-day (when they are put to death). It has been rehabilitated and urgently needs a loving home as we have limited resources. It is unfortunate that due to the aggressiveness of the contracted dogcatchers, most of these beautiful dogs are not strays and previously had homes. Hence, most of them are sociable and loving. Serving the voiceless, SAS Volunteer. P/s: Please contact Jackie by calling or texting her at, she's a grandma at emails. ""","K-12 Auntie Moca is a 48-month-old female mixed-breed dog with medium-length brown fur and a medium size. She was rescued from a pound in April. Auntie Moca is currently healthy. Due to her previous history, she benefits from a patient and understanding household. She is looking for a loving home where she can thrive.",
a6a0b1762,17,Dog,young_adult,24,73,62,This beautiful girl was rescued from sri kembangan apartment as management called MPSJ and we managed to save her from the pack. She is extremely friendly and is playful! My sister has been feeding her daily and even got her spayed & vaccinated. Please give her a home ASAP and love her! We are also looking for people to foster her at the moment as she is not safe in the condo area.,"Dini is a 24-month-old female, medium-sized, short-haired black mixed-breed dog. She is spayed and vaccinated. Dini was rescued from a multi-dog situation and is known for being friendly and playful. She is currently healthy. We are seeking a loving home for Dini and are also exploring foster care options for her, as she requires a safe environment outside of the apartment complex.",
4872c28b4,19,Dog,adult_senior,36,85,68,"These dogs were found abandoned and malnourished They were rescued by a kind soul who has now no place to keep them , being turned out of the kennels he was renting at Jabatan Veterinar, Penang. Please help find them a home or a place where we can keep them and take care of them ona daily basis. The dogs are very friendly and loving. Though the are adult dogs, they are as adaptable as puppies, but are less destructive to your belongings, than puppies.","This large, black, mixed-breed dog is 36 months old. He was found abandoned and malnourished and is currently seeking a loving home. Despite his past, he is a friendly and loving companion, displaying the adaptability of a younger dog. While an adult, he is less destructive than puppies. His vaccination and sterilization status is currently unknown. A calm and patient home would be ideal for this gentle male.",
739cd2d34,20,Dog,adult_senior,156,62,63,"Abby is 13 years old. The owner wants her euthanised because he is moving house. Please help to give her a home so that she can live out her natural life. She is healthy, gentle and still active, and has been a pet all her life. She is being boarded now, awaiting euthanasia. The owner has abandoned her. Poor Abby. Please help.","Abby is a 156-month-old female mixed-breed dog. She is medium in size with medium-length black fur and remains healthy and active. Abby has spent her life as a beloved companion and is currently being boarded while she awaits a permanent home. Due to circumstances beyond her control, she requires a loving family to provide a comfortable and stable environment for her remaining years.",
bbe6ff890,23,Dog,adult_senior,72,92,65,"Courty is named after the food court where she used to live as a stray. She's already 6 years old, healthy and spayed. I have found her when she was 1 year old and never managed to find her a forever home. She is very sensitive and emotional doggie that needs lots of attention and love. She's obedient and quiet. Loves children and people in general. Would be great as a pet for a family with kids. Please, give me a call if you think she would be right dog for you.","Courty is a 72-month-old female, medium-sized, yellow mixed-breed dog with medium fur length. She is fully vaccinated and sterilized and currently in good health. Courty was found as a stray and is a sensitive and emotional dog who thrives on attention and love. She is obedient and quiet, and enjoys the company of children and people. Courty would likely flourish in a home with children.",
5f5d44f43,26,Dog,adult_senior,36,84,54,"I am finding a kind soul who can help care for this dog. He's found with TVT virus, a tumour that can be cured. He'll need to take medicine and chemotherapy injection every Saturday (so far 2 injection done, may needed 4 more depends on condition). All expenses will be covered by me, I can also help on transportation, but need someone help to take care as I am having private issue. Please do let me know if anyone can help. Kindly contact Thanks.","Bongo is a medium-sized, black, short-haired mixed-breed dog. He is 36 months old and male. Bongo has a minor injury. He requires ongoing care, including medication and chemotherapy injections every Saturday, following previous treatments. He is not vaccinated or sterilized. A caring individual is needed to provide the necessary support and administer these treatments.",
eb77432cd,28,Dog,adult_senior,29,95,64,"Hello everyone, Her name is baby. She is 2-3 years old. I found her in Sentul Market with injured leg 2months ago. All this while we took care of her till she recover. But now we've been facing problems from neighbour. We can’t take care of her permanently because we already have 3 more adopted dogs at home. I really need someone who can take care and give a safe shelter for baby. She is a very loving, playful and active doggy. Those who interest to adopt her, please PM me. Thank you very much.","Baby is a 29-month-old, medium-sized, golden-colored, short-haired mixed-breed female dog. Two months ago, she was found in Sentul Market with an injured leg. She has since recovered and is currently healthy. Baby is a loving, playful, and active dog. Due to space constraints and caring for three other adopted dogs, we need to find her a safe and permanent home where she can thrive.",
eea42fc56,30,Dog,puppy_kitten,4,26,48,Rescued 3 puppies in cheras. Puppies are looking for home... They are beautiful & good. Appreciate if anyone willing to adopt them. Please call Chloe Lim,"Three four-month-old female puppies are waiting for their forever homes in Chères. These medium-sized, black, short-haired mixed-breed dogs are healthy and looking for a loving family. They have not yet been vaccinated or sterilized. A bright and active household would be a wonderful match for these playful pups.",
cc607ef5c,32,Dog,adult_senior,36,30,52,"Huey is a very tame and friendly dog. He loves to walk, run and play with others easily like normal dog. He's looking for people who love him very much.","Huey is a friendly male dog, 36 months old and medium in size. His short black fur is easy to care for, and he enjoys walks, runs, and playing with other dogs. Huey is healthy and looking for a loving home where he can thrive. His status regarding sterilization is currently unknown.",
77f9b1470,33,Dog,adult_senior,36,87,59,"Jorge is a stout, strong dog yet soft enough on the inside. ""This dog is one of the dogs rescued from the Klang Pound in April just before D-day (when they are put to death). It has been rehabilitated and urgently needs a loving home as we have limited resources. It is unfortunate that due to the aggressiveness of the contracted dogcatchers, most of these beautiful dogs are not strays and previously had homes. Hence, most of them are sociable and loving. Serving the voiceless, SAS Volunteer.""","K-1 Jorge is a medium-sized, brown, mixed-breed dog. At 36 months, he is a strong dog with medium-length fur. Jorge was rescued from the Klang Pound in April and is currently healthy. He is sterilized and fully vaccinated. Due to his previous circumstances, Jorge would thrive in a patient and understanding home where he can feel safe and loved.",
2ea25b63b,37,Dog,adult_senior,36,220,96,"As we are leaving Malaysia we cannot take two of our three dogs with us, and Rosie is one of them. She came to us two years ago when she was roaming the street, having been abandoned or thrown out by her previous owner. She then decided to adopt us (yep - she waited in front of our gate every day until we took her in) and has since been the reason for many laughs. Even though she must have had bad experiences before she is very trusting and curious and I have never seen her aggressive towards people. She will always try to stay close to one of us. Although she is very alert she rarely barks and is generally very calm. She has learned some commands but needs some additional training to listen really well. Rosie would be ideal for a family with kids as she is very gentle and patient. She is currently living inside the house as well as outside in the garden, so please no small cages or chain for her. Even though we leave the dogs alone during the days she has never chewed or destroyed anything. I hope a new family can give her the life and love she deserves. What this dog lacks in beauty, she makes up in cheerfulness and personality!","Rosie is a 36-month-old female, medium-sized, gray, short-haired mixed-breed dog. She came into our care two years ago after being found roaming the streets and waiting patiently at our gate. Rosie is a trusting and curious dog, having experienced challenging times before. She is generally calm and rarely barks, though she would benefit from additional training to improve her listening skills. Rosie enjoys spending time both inside and outside, and she is gentle and patient, making her a good fit for a family with children. She has never chewed or destroyed anything while living with us.",
be579e6ed,38,Dog,puppy_kitten,5,75,52,"I found cute obedient Minion abandoned at nearby market.Immediately I brought her back to my place and provide her with food, water, and clean shelter. She is very healthy and playful, especially with people and her dog friends. Hopefully she can find a home and receive the love she deserves. Her location is at Tronoh, Perak but outstation adoption can be arranged. If you think you could be the one, please contact me via PM.","Minion is a healthy and playful five-month-old female mixed-breed dog. She is medium-sized with short brown fur. Minion was found abandoned near a market and is fully vaccinated and sterilized. She enjoys spending time with people and other dogs. A loving home in Tronoh, Perak would be perfect for this sweet girl.",
f3c42e04b,40,Dog,adult_senior,36,114,65,"I guess dogs like Herbie at not the ones you pick out immediately, but bear in mind the heart of gold he has. ""This dog is one of the dogs rescued from the Klang Pound in April just before D-day (when they are put to death). It has been rehabilitated and urgently needs a loving home as we have limited resources. It is unfortunate that due to the aggressiveness of the contracted dogcatchers, most of these beautiful dogs are not strays and previously had homes. Hence, most of them are sociable and loving. Serving the voiceless, SAS Volunteer. P/s: Please contact Jackie by calling or texting her at, she's a grandma at emails. ""","Herbie is a 36-month-old, medium-sized, black, mixed-breed dog. He was rescued from the Klang Pound in April. While his vaccination and sterilization status is currently unknown, Herbie is otherwise healthy. He is a sociable and loving dog, having previously lived in a home. Due to his rescue circumstances, Herbie is looking for a patient and understanding family who can provide him with a loving home.",
563eaa005,41,Dog,adult_senior,36,13,55,Very friendly and loves people. Please adopt from SPCA. Rescued from Pulau Ketam.,"Bobby is a friendly 36-month-old male, mixed-breed dog with short black fur and a medium size. He is fully vaccinated and sterilized and currently in good health. Bobby was rescued from Pulau Ketam and enjoys the company of people. He would thrive in a loving home where he can receive plenty of attention and affection.",
d0b5fece1,42,Dog,adult_senior,60,36,60,She is a very sweet dog who loves a lot of attention and is great with children. We previously adopted her from the SPCA. Her previous owner removed her voice therefore she is unable to bark.,"Millie is a sweet, medium-sized female dog with short brown fur. She is 60 months old and a mixed breed. Millie enjoys attention and is good with children. She is healthy and fully vaccinated and sterilized. Millie’s previous owner caused her to be unable to bark. Millie would thrive in a loving home where she can receive plenty of affection.",
eb6c692dc,43,Dog,puppy_kitten,3,8,42,Smart & playful & loyal companion friend :),"Marie Girl is a playful three-month-old female mixed-breed dog. She is medium in size with short, brown fur. Marie is a healthy and vaccinated companion, and has been sterilized. Her smart and loyal nature makes her a wonderful friend to have around.",
711bebb99,47,Dog,puppy_kitten,4,20,49,She is very friendly towards other people and loves to eat treats. She is currently staying at the SPCA Penang.,"Daisy is a friendly four-month-old female dog with short, golden fur and a medium size. She enjoys treats and is currently residing at the SPCA Penang. Her vaccination and sterilization status are currently unknown. Daisy’s playful nature and affectionate demeanor make her a wonderful addition to a loving home.",
6029bf590,59,Dog,puppy_kitten,6,14,55,"Sweet, loyal, friendly girl. A great addition to the family WhatsApps for more info","Lisa Girl is a six-month-old female mixed-breed dog with short, brown fur and a medium size. She is healthy and fully vaccinated and sterilized. Lisa is a sweet and friendly companion, eager to bring joy to a loving family. She would thrive in a home where she can be a valued member of the household.",
a2dccbe51,61,Dog,puppy_kitten,6,64,66,"Active. Like to play with other dogs. Like to eat. Friendly. Except only when having her meal. Do not like people disturb when eating or drinking. (She will bite if she being disturb) A good guard dog. -Due to some problem in my home, i have forced to give away the dog. I wish she can meet someone who is nice and love dog.","Abbie is a six-month-old female mixed-breed dog with short cream-colored fur and a medium size. She’s a healthy and active companion who enjoys playing with other dogs. Abbie is friendly but can be protective of her food, and may bite if disturbed while eating or drinking. She is a good guard dog. Due to unforeseen circumstances, Abbie is seeking a loving home where she can thrive.",
76024f2ed,62,Dog,puppy_kitten,5,26,56,"Fay has a cute face, well-behaved and with good character. It loves to play with people and very friendly. Besides, it also a good guard dog.","Fay is a delightful five-month-old female mixed-breed dog with short, brown fur and a medium size. She is healthy, fully vaccinated, and sterilized. Fay enjoys playing with people and is friendly, and she also exhibits protective qualities. She would thrive in a loving home where she can be an active and cherished member of the family.",
0e8a11aaa,75,Dog,puppy_kitten,6,97,61,"someone threw them out from the car & ciao. left them there waiting for the owner who will never return. they waited there for 3 days & ppl in the neighbourhood wanna call the majlis bandaraya to catch them. so now we found a place to keep them temporarily (but not too long). now, we are looking for someone who can giv them a forever home~ they are brothers (both also boy boy). 6mth+. very friendly wit ppl (fortunately being abandoned didnt hurt them til they dun trust ppl). if interested to adopt, kindly contact Qi at","Chip and Dale are two handsome, six-month-old male dogs of medium size and short brown fur. They were unfortunately abandoned and waited for three days before being rescued. Despite this experience, they are very friendly with people and eager for a loving forever home. They are currently unvaccinated and unsterilized. A patient and understanding adopter would be ideal for these brothers.",
eb90062ec,76,Dog,puppy_kitten,6,55,51,"rescued with 29 other puppies from Klang Pound a night before their euthaniasia on the 29th of April,.Much work was done to restore her to excellent health as she is now. Always on the alert to any alien.Yes. Good Morning Sir,......... Incidentally,her name is ELLE . Pls refer to her other profile. Interested pls call","Good Morning Sir is a six-month-old female mixed-breed dog with short black fur and a medium size. She was rescued from Klang Pound just before euthanasia on April 29th and has received extensive care to restore her excellent health. Currently, she is healthy and alert. ELLE’s profile can be found elsewhere.",
eb6bb82fd,81,Dog,puppy_kitten,5,82,63,She is a obediant yet naughty lil puppy... she is now approx. 4.5 month... she done twice vaccination and deworm done..and prove healthy... she been feed Nutri edge since she start to eat solid food...she need to be give up for adoption because of the old uncle that raise her up cant take care of her anymore due to the old uncle age ... please do email me for more information... adopter have to spay her she is now in kedah thanks,"Yahoo is a medium-sized, five-month-old female mixed-breed dog with short, yellow fur. She is currently healthy and fully vaccinated, having received twice the required vaccinations and deworming. Yahoo has been eating Nutri Edge since transitioning to solid food. Due to circumstances beyond her previous caretaker’s ability to continue providing care, Yahoo is available for adoption. She is spay-needy and requires sterilization upon adoption.",
522d0728c,89,Cat,young_adult,24,7,62,"so lovely,passionate,can be good friend for you","Ameera is a beautiful, medium-sized female Domestic Short Hair cat with short, yellow fur. At 24 months old, she’s a passionate and affectionate companion. Ameera is currently un-vaccinated and un-sterilized, and her health status is currently unknown. She would thrive in a home where she can receive the care and attention she deserves, and where she can blossom into a wonderful friend.",
bfdff0622,104,Dog,puppy_kitten,5,257,89,"Little Hailey had a rough beginning to her life. Hailey was rescued about 2 months ago in Desa Sri Hartamas. She was a lone pup most likely abandoned. Hailey was close to death when she was rescued. Severely malnourished and anemic she could barely stand. She had major hookworm infestation and the worse case of fleas I had ever seen. It was heartbreaking to see such a tiny little dog endure so much. Her blood count was so low that a blood transfusion was needed. But like her vet says..Hailey is a fighter and a survivor! She was such a good patient throughout her treatment and rehabilitation. It was so easy to administer her meds and when she got her appetite back she would eat anything I fed her..no complaints, no rejection . Thankfully, she is now a happy and healthy girl. She is also very intelligent. She learned the commands sit and down in a day and would go back to her cage when she's instructed to. Although it breaks my heart to give her up for adoption, I feel she deserves much more than what a condo habitat can offer. Hailey received her first vaccination a few days ago and is due for her 2nd in a month. Her adoption is only open to genuine dog lovers who will take her in as part of the family . Adopter must agree to spay her in February before her first heat. If you are keen on giving Hailey her forever loving home, please contact Kin at.","Pretty Hailey is a medium-sized, black, mixed-breed dog about 5 months old. Rescued from a difficult situation, she was severely malnourished and anemic when found. Hailey received a blood transfusion and underwent treatment for a major hookworm infestation and severe flea infestation. Now healthy and thriving, she is a happy and intelligent girl who quickly learned commands like “sit” and “down.” She is vaccinated and sterilized, and enjoys her meals with enthusiasm. Hailey is seeking a loving forever home where she can be cherished as part of the family.",
bee984e11,107,Dog,puppy_kitten,5,13,48,she is a loving and friendly pet....she is more of a protective dog,"Kutty is a medium-sized, five-month-old female dog with short black fur. She is a healthy mixed-breed and has been sterilized. Kutty is a loving and friendly dog who also exhibits protective behaviors. She would thrive in a patient and understanding home where she can feel safe and secure.",
d1a2da8ef,115,Cat,young_adult,12,280,93,"POSTED ON BEHALF OF OUR FRIEND MANDY. please kindly contact her directly if you wish to adopt: . TQ :) Pinky is one of the community cat that our friend-Mandy taking care of. Pinky lives at the back alley of her house and she feeds the group of cats daily. Pinky is a very very adorable, sweet, friendly, manja and tame cat. She loves dog and is very attached with one of the community dog - Bobby. Bobby is a sweet and friendly dog too and she gets along well with Pinky and the cats. Unfortunately past two weeks Pinky dissapeared for two days and she was found with severe injuries on her back side and it bleeds badly. It was diagnosed as dog bite wound and we believe that Pinky might got bite by other stray dogs around that area..she might think that dogs are all as friendly as Bobby and would play with her. Poor Pinky is still hospitalized in vet clinic. The vet are forced to cut off her long beautiful tail as the tissues and skin of the tail were damaged. We're worried that after she got back to the back alley she might got bite again as she's too friendly with dog. Pinky definitely deserves a very good and loving home. Please, adopt her if you're able to. Interested to adopt? Please kindly read our requirements: - Always keep cat indoor all the time - Agree to bring her for yearly vaccination - Provide balanced meals and fresh water all the time - Allow for home visit - Love and treat him like your own precious family members Please give a home to Pinky ♥","Pinky is a 12-month-old female Domestic Short Hair cat. She is medium in size with short black fur and is fully vaccinated and sterilized. Pinky has a serious injury – a severe wound to her back requiring surgical removal of her tail – resulting from a dog bite. She is a friendly and tame cat who previously lived with a group of community cats and a dog named Bobby. Due to a recent incident, Pinky requires a patient and understanding home where she can be kept indoors to ensure her safety and recovery.",
157f9809a,143,Cat,young_adult,24,9,42,I rescued this cat on Pasar in Johor Bahru.,"Kucing is a medium-sized, black Singapura cat who is 24 months old. Rescued from Johor Bahru, she is currently healthy. Her vaccination and sterilization status are unknown. She would thrive in a loving home where she can receive the care she needs.",
44229bb72,170,Cat,young_adult,12,8,48,"Active and clingy, Well-behaved. Rescued 1 month ago","Jazzy is a medium-sized, brown Domestic Short Hair cat, approximately 12 months old. He is a healthy and active companion, known for being quite clingy. Rescued just one month ago, Jazzy is settling in and ready to find a loving home. He is not yet vaccinated or sterilized.",
a03da4900,238,Cat,young_adult,18,31,45,Tara is a rescue cat and is now ready for adoption. Very affectionate Note that the adoption fee is simply to cover the cost of spaying. Urgent as Fosterer is relocating.,"Tara is a medium-sized, black Domestic Short Hair cat, 18 months old. This affectionate female is fully vaccinated and sterilized and currently in good health. Tara was a rescue and is now seeking a loving forever home. Her fosterer is relocating, making her adoption urgent.",
3163e9acf,255,Cat,young_adult,12,14,36,They are abandoned cats and now waiting for you to give them a home.,"Blacky is a medium-sized, 12-month-old female Domestic Short Hair cat with short black fur. She is fully vaccinated and sterilized and currently in good health. Blacky is waiting for a loving home where she can thrive.",
abafdc972,290,Cat,young_adult,24,39,54,"saya jumpa kucing ni di area tempat kerja saya , kesian tengok ade 1 ibu dgn 3 anak dia .. mesti dorg kelaparan sbb dok kt luar je.dlm kotak pulak tu.if ade yang boleh adopt pls call num i..tenkiu",This 24-month-old Domestic Short Hair cat is medium in size with medium-length black fur. The cat’s gender is mixed. A minor injury has been observed. This cat was found with one mother and three kittens in an outdoor area and was subsequently placed in a box. A loving home is sought for this cat.,
1e011d469,300,Cat,adult_senior,36,256,82,"Michi was found badly injured two weeks ago, with two big dog bites going through his fur, into his chestbox, very close to his lung and spine, with an serious infectious process going on, in a farm some hours away from KK. Neglecting him would have meant leave him to a slow and painful death. I looked after the cat, and his recovery's been great, but still under antibiotic as the biggest holes hasn't sealed completely, hopefully he'll be healed by the end of this week. I am a traveler, and I must leave Malaysia as my visa expires. We've come all the way to KK to find a real home for him, as I am not allowed to cross into other country with the cat. Michi is male, small size, half-short tailed, about 3 years old, and healthy (no skin deseases). He is quiet, sweet, adorable, not picky with his food, and most importantly LOW MAINTAINANCE. It's hard for me to leave him, as he's the most caring thing I have seen in cats. We had great adventures: we hitch-hiked for two days from somewhere near Tawau, to get here. So you can add ""well traveled"" to his qualities. I must leave KK by Sat 11th Aug. Still after this date, please contact me, as I may not have found a place for him. Do you think you can give him a second chance? You can also help by sending this page to your friends Have a look at more pictures of Michi Terima Kasih!","Michi is a small, three-year-old male Domestic Short Hair cat with short black fur. He sustained minor injuries two weeks ago from dog bites, which required ongoing antibiotic treatment. Michi is currently not vaccinated or sterilized. Despite this, he has made a remarkable recovery. He is a quiet and sweet cat with no particular food preferences. Michi is a well-traveled cat, having recently traveled from near Tawau. He is seeking a loving, low-maintenance home before I must leave KK by August 11th.",
a77045d3b,302,Cat,young_adult,8,31,57,THIS POOR KITTY IS HAS BEEN ADOPTED ONCE BUT THEY SEND HER BACK....I FEEL SAD THAT NO ONE WANT HER. HOPE THAT SOMEONE CAN ADOPT HER AND GIVE LOVE TO HER.,"Kitty is a medium-sized, eight-month-old female American Shorthair cat with black fur. She has been previously adopted but returned to the shelter. Despite this experience, Kitty is a healthy cat and ready for a loving home. She would thrive in a patient and understanding environment where she can slowly build trust and receive the affection she deserves.",
62b8390e7,305,Cat,puppy_kitten,3,133,79,Sorry i don't have their photo.. I want to give away this cat because i cannot keep them anymore. My mom always say please give them away.. I so sad to give them away i hope there are pet lover who want to care my cat. I don't want their from far away i just want from Taman Lestari Putra (LEP)4-7. I can C.O.D to your house but i need 2 days cause on the first day i want to go and see where is your house were.. and the second day i will send to your house.. Who want my cat please contact me on-Nadira THANK YOU Reason: 1. I want to go to your house everyday to see my cat. 2.I want to see you can keep it right or not..,"Katey, a small, three-month-old black Domestic Short Hair cat, is looking for a loving home. She was found as a kitten and has a minor injury. Katey is not yet vaccinated or sterilized, and her status regarding sterilization is currently unknown. Nadira is hoping to find a local adopter within the Taman Lestari Putra (LEP) 4-7 area who can provide her with the care she needs. She desires the opportunity to visit potential homes and ensure a good match.",
a72a34bdf,307,Cat,young_adult,23,123,85,Mok was born in JB on 31st August while Awang (the only male) and Enot were found in Selayang on the same week. I raised them form born until today and they were healthy from day 1. I love them so much because they are so easy to look after and very loving. The reason I have to let them go is because I've just recently moved to an apartment and it's not fair for them as they don't have much space to play around and I'm also getting married soon. My future wife doesn't like cat. I really hope that they will get a new owner who'll love them just like I do. They can't be separated as they love each other.,"Mok, Awang, and Enot are a bonded trio of domestic short hair cats. This mixed-gender group, 23 months old, is black and medium in size with short fur. They were raised together from birth and are currently healthy. Due to a recent move to an apartment and upcoming marriage, their current owners need to find them a loving home where they can thrive. These affectionate cats enjoy spending time with their bonded companions and would benefit from a home with plenty of space to play.",
07d2a9eff,316,Cat,young_adult,12,9,48,A super manja and gentle cat who loves cuddle.,"Bui Bui is a medium-sized, golden Domestic Short Hair cat, 12 months old. She is a healthy and sterilized female cat who enjoys cuddling. Bui Bui is a gentle and manja cat, meaning she enjoys being close to her people. She has short fur and is fully vaccinated.",
67efce2e0,318,Cat,young_adult,9,135,72,"Lemon was rescued from my kampung. He came to my parents house so I brought him back here. Lemon is litter and house-trained. He is playful,obedient, friendly and loves to be cuddle.He is very friendly to other cats and to people too. He doesn't makes much noise (only when hes hungry). Lemon has been fully vaccinated,de-wormed and he also been neutered(it's good to neutering and spaying cats because there are many stray cats killed by human,dogs and cars everyday. Also,neutered cat don't spray,it can keep your house clean). Lemon is very healthy. New owner will be given Lemon's vaccination history medical card. I feed Lemon Evo after I realized that Science Plan has contain corn(corn is very bad for cat). I give Lemon boiled filter water. Please sms or email me if you are interested.","Lemon is a healthy, nine-month-old male Domestic Short Hair cat. He is medium in size with short black fur and is fully vaccinated and sterilized. Lemon is litter and house-trained and enjoys playing, cuddling, and being friendly with people and other cats. He is generally quiet, particularly when seeking attention. Lemon’s medical records, including vaccination history, will be provided to his new owner. He is fed Evo food and boiled filter water.",
b51b41933,328,Cat,young_adult,12,24,44,"A very gentle, friendly, lovely, cuddly cat hunting for a home! =)) psst. she can nag... but her temperament is perfect, for sure. hahahaa.","Yakira is a small, medium-haired Siamese cat, 12 months old. This gentle female cat is looking for a loving home. She enjoys cuddles and is friendly, though she can be a little vocal. Yakira is sterilized and healthy. She has not yet been vaccinated.",
a77d17ef8,337,Cat,puppy_kitten,6,72,50,"Hi all, I have 2 male cats up for adoption. Very manja and mendengar kata. Soothy is the fully black. Salem is the black and white color. Too many cats at my moms house thus I have to let them go for a good owner. P/s : Make sure you are contactable if I want to visit them at anytime. No fees needed just give me cats food will do. Thank you.","Soothy and Salem are two male, six-month-old Domestic Short Hair cats. Soothy is entirely black, while Salem has black and white coloring. Both cats are healthy and fully vaccinated and sterilized. They are looking for a loving home to share with you. Please ensure you are reachable for potential visits.",
21c955172,344,Cat,adult_senior,30,130,69,"Millie & Milo are adorable siblings who have growing up together and are very affectionate, loving and playful. I would prefer they be adopted together. Millie is a vocal little girl who will talk to you and ask you for affection. She is just so cute and adorable when she does. Milo is the goofy brother who will give you a high five and gently pull your hand so you can rub his head. He also will gaze longingly at you waiting for you to give him a pat on the head. Just adorable. Right now I'm in the middle of moving to United States. So if you are in Klang Valley, I can bring the cat(s) to your place. If your interested in adopting these great cats please Whatsapp:","Millie and Milo are a sweet, affectionate, and playful pair of 30-month-old Domestic Short Hair cats. This mixed-gender duo enjoys cuddling and playtime. Millie is a vocal cat who seeks affection, while Milo is a goofy brother who enjoys gentle interactions like high-fives and head rubs. Both cats are healthy, vaccinated, and sterilized. They would thrive in a loving home where they can continue to grow and bond together.",
98aec0679,354,Cat,puppy_kitten,2,12,43,Found them at my place..juz need adopter because im at training center,"Wolf,batman,sally is a small, black, domestic short hair kitten, approximately two months old. This mixed-gender cat is currently healthy but is not yet vaccinated or sterilized. Found at a training center, Wolf,batman,sally is looking for a loving adopter to provide a permanent home.",
a4652e4fe,365,Cat,young_adult,12,125,84,"Kitten and mommy looking for someone to who will take good care for them and give them a forever home.(the kitten only 3/4month)Both are healthy and friendly to human. Condition for adopter is need to keep them in home and the mummy I will spayed to she.and the adopter just need to spayed when the kitten is grown up.and I just want someone to love them and take care of their life, their life is not very long, only 15 years , the past 15 years only hope not to abandon them , to take care of them.and must keep them in home,and when them adult need to vaccination and ligation . Please contact me determined to adoption Elaine Thank you. Location in kl cheras","Xiao B&BB is a medium-sized, 12-month-old female Domestic Short Hair cat with black fur. She is currently sterilized and healthy. Elaine is looking for a loving forever home for Xiao B&BB and her kitten, who is 3/4 months old. Both cats are friendly and enjoy being indoors. Elaine requires an adopter to provide a home and will arrange for the kitten to be spayed when appropriate, as well as for vaccinations and any necessary future medical care. Xiao B&BB’s lifespan is approximately 15 years.",
6f63c5c04,379,Cat,puppy_kitten,0,26,64,"I rescued the pets in my condo. Three little kittens , two female and one male. I am looking for someone to adopt all three together.","This tiny black kitten, a mixed-gender domestic medium hair, is just eight weeks old. Rescued from a condo, the kitten is currently one of three kittens – two female and one male – seeking a loving forever home. The kittens are healthy but unvaccinated and unsterilized. They would thrive in a patient and attentive household where they can receive all the care they need.",
258fe3053,382,Cat,puppy_kitten,5,28,43,One is playful and another one shy. Both are neutered and very well behaved. They need love and care and i am sure u will do for them.,"Lulu and Mimi are two adorable, medium-sized domestic short hair cats. One is playful, while the other is shy. Both are five months old and fully vaccinated and sterilized. They are healthy and well-behaved companions seeking a loving home where they can thrive.",
a89d4e8f3,386,Cat,adult_senior,72,15,50,Triki needs a loving home where she is the only cat due to her personality.,"Triki is a small, black Domestic Short Hair cat who is seven years old. She is sterilized and fully vaccinated and currently in good health. Triki thrives in a quiet environment and would do best as the only pet in a home where she can be the center of attention.",
d0c943132,392,Cat,young_adult,12,11,45,"Rescue cat, female, about 1-year-old, spayed, vaccinated, de-wormed. Location: Shah Alam","Susie Q is a sweet and gentle 12-month-old black Domestic Short Hair cat. She is a medium-sized cat with medium-length fur. Susie Q is fully vaccinated, spayed, and de-wormed, and is currently in good health. She would thrive in a calm and loving home environment.",
54959e674,394,Cat,adult_senior,30,28,43,I found them at my condominium area while they were still kittens. They are friendly and obedient cats. I'm looking for a new owner who loves animal dearly.,"Lash and Tux are two medium-sized, black Domestic Short Hair cats, approximately 30 months old. Both are sterilized and fully vaccinated. They were found as kittens in a condominium area and are friendly cats. A loving home is sought for this mixed-gender pair.",
2b7509f97,426,Cat,adult_senior,30,28,50,I found them at my condominium area while they were still kittens. They are friendly and obedient cats. I'm looking for a new owner who loves animal dearly.,"Chanel is a medium-sized, cream-colored Domestic Short Hair cat, 30 months old. She is fully vaccinated and sterilized and currently in good health. Chanel was found as a kitten in her local area and is a friendly cat. She would thrive in a home where she is loved and cherished.",
4f9031dce,428,Cat,puppy_kitten,3,36,57,"Three street kittens, all about 3 months old. One fully black, another cream with vague brown spots, the third also creamy and brownish. Of very mixed parentage. Just recently discovered and in need of good homes.","This trio of kittens, approximately three months old, are looking for loving homes. One is completely black, while the others display cream coloring with faint brown markings. Their mixed parentage makes their background somewhat unknown. Currently healthy, these medium-sized Domestic Medium Hair cats are playful and full of personality. They require a commitment to vaccinations and sterilization.",
2581f9792,432,Cat,puppy_kitten,3,91,47,"This kitten is a stray very friendly and loves going into people's homes. Its been outside my hse for the past 2 days. I feel sorry for this little girl. i feed her but cannot let her in, i have just given away 4 kittens and my husband is dead against strays. Please help me find her a good home. I will post her pictures soon. But trust me she is well and very pretty. I can delivery anywhere in the Klang and Shah Alam area. Pls sms me at. Tq.",This three-month-old female Domestic Short Hair cat is brown in color and medium size with short fur. She is currently healthy. This kitten is friendly and enjoys being indoors. She has been outdoors for the past two days. A good home is being sought for this cat.,
59ad17125,439,Cat,puppy_kitten,4,133,76,"Hi Meet White and Zack. They're siblings about 3-4 months old. The reason I want to find them a new home is that they are always being threatened by the big cats around the house. I also have 2 adult cats at home. Both White and Zack are very playful. Their mom is a Siamese Khao Mnee. White is so much like her mother with bright blue eyes; while Zack is black & white with dark blue eyes. Both are also not nursing anymore and are litter trained. I may be in Johor. But if the adopter is serious about adopting, we can arrange for the delivery around Putrajaya and Kuala Lumpur If you want to take them home together / seperately, give me a call / whatsapp / sms for further enquiries..","White and Zack are four-month-old domestic short hair kittens. One is black with bright blue eyes, resembling his Siamese Khao Mnee mother, while the other is black and white with dark blue eyes. They are playful and litter-trained, and though their sterilization status is unknown, they are currently healthy. The kittens have been living in a home with larger cats and require a calm environment. A separate home would provide them with the security they need.",
ef70f3263,441,Cat,puppy_kitten,5,11,51,Commitment too many till need an adoption. Male: Joji Female: Jojo,"Jojo and Joji are two adorable, five-month-old kittens. These medium-sized, white Domestic Short Hair cats have short fur and a mixed gender. They are currently unvaccinated and the status of sterilization is unknown. Despite this, they are healthy and full of playful energy, seeking a loving home where they can thrive.",
3928a4b23,450,Cat,puppy_kitten,4,208,97,"Adoption fee is a pack of cat food regardless of size, brand or price. This helps us to feed the strays and so we're able to help more homeless animals. *** It's a MUST for adopter to bring adopted pet for vaccinations and NEUTER/SPAYING surgery. TQ*** This 3 adorable kittens were born at our house's back alley, we've spayed all the female stray cats there except one who's real difficult to trap and she gave birth to the babies months ago. Moji, Mango Ice and Mixed Fruit was very timid and refused to get near to human at first but after months of daily feeding they became friendly to us but will still bit afraid of strangers. Adopter needs to give them some times to get used to you and your house at the beginning. Mixed Fruit is baby girl and Moji,Mango Ice is baby boy. Interested to adopt? We wish adopter would agree to do so.. - Always keep cat indoor all the time - Agree to bring adopted pet for yearly vaccination - Provide balanced meals and fresh water all the time - Allow for home visit - Love and treat adopted pet like your own precious family members Please give a home to them ♥","Moji, Mango Ice, and Mixed Fruit are three playful kittens born just four months ago. This mixed-breed Domestic Short Hair – a boy and two girls – were found in a back alley and are currently healthy. Despite a shy beginning, they’ve grown to be friendly with their caregivers through daily feeding. They remain cautious of strangers and will need time to adjust to a new home. An ideal adopter will provide a calm and loving environment, ensuring they have fresh water and balanced meals. Yearly vaccinations are also essential. Please keep them indoors at all times.",
3f2785c07,459,Cat,puppy_kitten,5,36,54,"3 very friendly , gentle and sweet 5 month old kittens for adoption. Location at Bangi, Selangor. One orange kitty, One tuxedo kitty (white/black) & one white/grey kitty These kittens are healthy and very well behaved.","Three five-month-old kittens are waiting for their forever homes. These medium-sized, short-haired cats are a mix of yellow, white, and black and grey coloring. One kitten is orange, one is tuxedo patterned, and one is white with grey markings. All three kittens are healthy and well-behaved. They have been sterilized and are currently unvaccinated.",
1fab6916e,464,Cat,puppy_kitten,3,47,45,"This kitten was abandoned in our housing area. He was around for a month, before another kitten we acquired (Little Boy Blue) befriended him and brought him into the house. If anyone is interested, pls call or sms me. Gets along very well with the other kitten.","Patch Boy is a medium-sized, three-month-old male Domestic Short Hair cat with short, brown fur. He was recently abandoned and is currently healthy. Patch Boy enjoys the company of other cats and gets along well with another kitten. He is not yet vaccinated or sterilized.",
e9b1363e5,467,Cat,adult_senior,84,7,53,He is a kind and gentle cat,"Bumblebee is a large, black Domestic Short Hair cat. At 84 months, he’s a distinguished gentleman with short fur. Bumblebee is healthy and fully vaccinated and sterilized. He is a gentle cat, known for his kind nature. He would thrive in a calm and quiet home where he can enjoy a comfortable life.",
d8715d47e,468,Cat,puppy_kitten,6,381,97,"Adoption fee includes the basic medical expenses of the animal : spaying + 3 vaccinations. GERBERA is a tropical plant of the daisy family, native to Asia and Africa, with large brightly colored flowers. Just like this little kitten that we are fostering - Gerbera, she is as beautiful as the flower. Gerbera was rescued months ago at a food court, she was only a 2 months old baby during that time. Poor little baby was hiding under a car and meowing loudly seeking for help as there were a group of excited dogs wanted to hunt her and they kept running and waiting around the car. With help of some kind people there, we managed to shooed those doggie away and brought her home. Gerbera loves a lot to have companion and friends, she do not like much to be cuddled but she will always stay beside you and ask for a pat and ""massage"", she lovesss a lot when people sayang her. Gerbera is always happy when we're back home, she will always purr when we're at her side. But Gerbera has a habit and we do not know why she has such habit..most of the time when we stand near the window she will quickly run towards the window and climb on the window grill, as if like she's making a performance and telling us that she's good on this (we tried to stop her at the beginning but still..she want to let us know that she's good at this..a spider-cat Gerbera! :P) Gerbera behaves very good on bathing time but she do not like to share her food and toy with her friends. She can eat together with friends if in different bowl but when they re eating same bowl of food, she will be very nervous and lift up her front paw to stop anyone from nearing the bowl but of course she do not bite or hurt anyone.. Interested to adopt? Please kindly read our requirements: - Always keep cat indoor all the time - Agree to bring her for yearly vaccination - Provide balanced meals and fresh water all the time - Allow for home visit - Love and treat her like your own precious family members Please give a home to Gerbera ♥","Gerbera is a small, six-month-old female Domestic Short Hair cat with yellow, short fur. She was rescued from a food court months ago and is currently sterilized and vaccinated. Gerbera enjoys the company of others and seeks attention, often asking for gentle pats. She is happy when at home and purrs contentedly when near her caregivers. Gerbera has a habit of running towards windows and climbing on the window grill. She is generally well-behaved during bathing but can be possessive of her food and toys. A calm and loving home would be ideal for this playful kitten.",
e84771c5d,472,Cat,adult_senior,38,38,58,This is my 1st cat named Chameng. My husband found her and took it home. I really hope that some one can adopt her since i'm leaving to Sabah soon and won't be able to bring her along...,"Chameng is a large, black Domestic Short Hair cat, approximately 38 months old. She is healthy and vaccinated. Her history includes being found by her previous owner and brought home. Due to a pending relocation, she is seeking a loving forever home. Chameng would thrive in a patient and understanding environment where she can receive plenty of affection.",
c8d2ed523,488,Cat,adult_senior,27,49,59,Bulat is Putih's sister. I called her Bulat since she had a round large eyes. My husband had rescued her along with her mother since she still attached with her mother. I love her so much. I hope the new owner will take care of her like I did..,"Bulat is a large, golden Domestic Medium Hair cat, 27 months old. She was rescued by her husband along with her mother, and is Putih’s sister. Bulat has round, large eyes. She is currently healthy. Her sterilization status is unknown. We hope Bulat finds a loving home where she will be cherished as much as she cherishes her family.",
cc6de6d19,490,Cat,adult_senior,29,9,55,Was a stray cat. Yuri needs an owner :),"Yuri is a medium-sized, black Domestic Short Hair cat, approximately 29 months old. She was a stray and is now looking for a loving home. Yuri is sterilized and has a minor injury. Her vaccination status is currently unknown. She would thrive in a calm and patient environment where she can feel safe and secure.",
ee7d6cf3f,531,Cat,adult_senior,32,83,66,"Mr Hugo is a wanderer, sometimes he sleeps near the back alley of a kindergarden, sometimes he jumps up on top of the roof, he travels around the neighborhood always looking for food and shelter. He is a friendly cat. Mr Hugo has a very sweet and cute meow voice, all he need is just some food and shelter, if you have heart of gold to provide him a small space of accommodation with some food, pls email or contact me thru petfinder.","Mr Hugo is a medium-sized, black Bengal cat, 32 months old. He is a wanderer, often found exploring the neighborhood in search of food and shelter. Mr Hugo has a sweet and cute meow voice. His health status is currently unknown, and he is not vaccinated or sterilized. He would thrive in a home where he has access to food and a safe space to rest.",
536475bf3,539,Cat,adult_senior,36,150,85,"Meet Lexi. She is a great cat and in need of a loving family. She is super affectionate, very talkative, she really needs alot of love and close contact with people. She loves children. In many ways this cat behaves more like a dog than a cat, she wants to be involved in everything the family does. The reason she is up for adoption is due to job loss and re location to my home country in Europe. For viewing appointment and more information, please contact me on No adoption fee required but some criteria will be imposed. Criteria for adoption: 1. able to provide food, shelter, medical care (when necessary) and sufficient exercise (toys & playtime) & adequate love. Our only wish is for our lovely cat to find a good home, so please do not contact us unless you are genuine and can commit to the criteria above.","Lexi is a 36-month-old female tabby cat of medium size with short fur. She is fully vaccinated and sterilized and currently in good health. Lexi is a very affectionate and talkative cat who enjoys close contact with people and loves children. She has a playful personality and enjoys being involved in family activities. Lexi is available for adoption due to a relocation. A loving home with the ability to provide food, shelter, medical care, exercise, and plenty of love is sought for this wonderful cat.",
7a6dbcbbb,543,Cat,adult_senior,72,98,87,"Digit came walking into my office 6 years ago like she owned it. She is a very affectionate yet independent cat that likes to lounge around and play when she wants to. She absolutely loves lounging on the bed and sleeping there at night with you. She also likes to use your hand as a pillow. She is great with people, however, she is best as an only cat. It takes her a long time to warm up to other pets. Digit maybe an adult cat but she has tons of love and affection. Call, WhatsApp or email.","Digit is a 72-month-old female Domestic Short Hair cat with a yellow coat and medium size. Her fur is short and she is fully vaccinated and sterilized. Digit is a healthy and affectionate cat who enjoys lounging and playing when she chooses. She particularly loves spending time on the bed and sleeping with her person at night. Digit is best suited as an only cat, taking time to warm up to other pets. She has plenty of love and affection to offer a patient and understanding home.",
a6ce0ccf2,547,Cat,adult_senior,48,56,64,"Shera was rescued after her kittens were killed in an accident. She is not fussy about food, a simple and good cat. I hope there is some kind soul who will give her a new life as I have three other cats of my own. Shera is healthy, spayed, vaccinated and dewormed. Free. My HP No.","Shera is a 48-month-old female Oriental Short Hair cat with a short, black coat. She is a medium-sized cat and currently living a healthy life with us. Shera was rescued after a difficult event and is a simple and good cat, not fussy about her food. She is sterilized, vaccinated, and dewormed. We hope to find Shera a loving home where she can thrive.",
